{
  "id": "virtual-mouse",
  "title": "Virtual Mouse",
  "version": "1.0.0",
  "compatibility": {
    "minimum": "11",
    "verified": "11"
  },
  "description": "A virtual mouse for mobile users with left/right click and scroll support, it translates touches to mouse inputs",
  "authors": [
    {
      "name": "AboveFire",
      "discord": "AboveFire",
      "flags": {}
    }
  ],
  "esmodules": [
    "mouse/checkIfMobile.js"
  ],
  "url": "https://github.com/AboveFire/FoundryVirtualMouse",
  "manifest": "https://raw.githubusercontent.com/AboveFire/FoundryVirtualMouse/master/module.json",
  "download": "https://github.com/AboveFire/FoundryVirtualMouse"
}